<?xml version="1.0" encoding="UTF-8"?>

<xliff version="1.0" xml:lang="en-US">

  <file datatype="plaintext" original="Group_theory.fla" source-language="EN">
    <header></header>
    <body>
      <trans-unit id="001" resname="IDS_ACETLENE">
        <source>Acetylene</source>
      </trans-unit>
      <trans-unit id="002" resname="IDS_ALLENE">
        <source>Allene</source>
      </trans-unit>
      <trans-unit id="003" resname="IDS_ALPHA">
        <source> nσh,  Identify  the point group  </source>
      </trans-unit>
      <trans-unit id="004" resname="IDS_ALPHA2">
        <source>nσh,   Identify the point group</source>
      </trans-unit>
      <trans-unit id="005" resname="IDS_ANTRACENE">
        <source>Anthracene</source>
      </trans-unit>
      <trans-unit id="006" resname="IDS_B_DICLORO">
        <source>p-Dichlorobenzene</source>
      </trans-unit>
      <trans-unit id="007" resname="IDS_B2H">
        <source>B2H6</source>
      </trans-unit>
      <trans-unit id="008" resname="IDS_BEF2">
        <source>BeF2</source>
      </trans-unit>
      <trans-unit id="009" resname="IDS_BENZ_CHROM">
        <source>Dibenzenechromium</source>
      </trans-unit>
      <trans-unit id="010" resname="IDS_BENZEN">
        <source>Benzene</source>
      </trans-unit>
      <trans-unit id="011" resname="IDS_BENZENE">
        <source>o-Dichloro Benzene</source>
      </trans-unit>
      <trans-unit id="012" resname="IDS_BF3">
        <source>BF3</source>
      </trans-unit>
      <trans-unit id="013" resname="IDS_BH">
        <source>B12H122-</source>
      </trans-unit>
      <trans-unit id="014" resname="IDS_BIPHENYL">
        <source>Biphenyl </source>
      </trans-unit>
      <trans-unit id="015" resname="IDS_BORAZOLE">
        <source>Borazole</source>
      </trans-unit>
      <trans-unit id="016" resname="IDS_BORIC">
        <source>Boric acid</source>
      </trans-unit>
      <trans-unit id="017" resname="IDS_BROMO_CLORO">
        <source>Bromo Chloro Fluoro methane</source>
      </trans-unit>
      <trans-unit id="018" resname="IDS_BUTADIENE">
        <source>S-cis-1,3-Butadiene</source>
      </trans-unit>
      <trans-unit id="019" resname="IDS_C_ALPHA_V">
        <source>C∞v</source>
      </trans-unit>
      <trans-unit id="020" resname="IDS_C1">
        <source>C1</source>
      </trans-unit>
      <trans-unit id="021" resname="IDS_C2">
        <source>C2</source>
      </trans-unit>
      <trans-unit id="022" resname="IDS_C2H">
        <source>C2h</source>
      </trans-unit>
      <trans-unit id="023" resname="IDS_C2H4">
        <source>C2H4</source>
      </trans-unit>
      <trans-unit id="024" resname="IDS_C2O">
        <source>C2O</source>
      </trans-unit>
      <trans-unit id="025" resname="IDS_C2V">
        <source>C2v</source>
      </trans-unit>
      <trans-unit id="026" resname="IDS_C03">
        <source>CO32-</source>
      </trans-unit>
      <trans-unit id="027" resname="IDS_C3">
        <source>C3</source>
      </trans-unit>
      <trans-unit id="028" resname="IDS_C3H">
        <source>C3h</source>
      </trans-unit>
      <trans-unit id="029" resname="IDS_C3V">
        <source>C3v</source>
      </trans-unit>
      <trans-unit id="030" resname="IDS_C4V">
        <source>C4v</source>
      </trans-unit>
      <trans-unit id="031" resname="IDS_C5H5">
        <source>C5H5-</source>
      </trans-unit>
      <trans-unit id="032" resname="IDS_CCL4">
        <source>CCl4</source>
      </trans-unit>
      <trans-unit id="033" resname="IDS_CENTRE">
        <source>Is there centre of symmetry?</source>
      </trans-unit>
      <trans-unit id="034" resname="IDS_CH4">
        <source>CH4</source>
      </trans-unit>
      <trans-unit id="035" resname="IDS_CHLORO_METHY">
        <source>Chloro Methane</source>
      </trans-unit>
      <trans-unit id="036" resname="IDS_CI">
        <source>Ci</source>
      </trans-unit>
      <trans-unit id="037" resname="IDS_CI2">
        <source>Ci</source>
      </trans-unit>
      <trans-unit id="038" resname="IDS_CIS_ETHYNE">
        <source>Cis-Dichloro Ethene</source>
      </trans-unit>
      <trans-unit id="039" resname="IDS_CLF3">
        <source>ClF3</source>
      </trans-unit>
      <trans-unit id="040" resname="IDS_CN_AXIS">
        <source>Are there nC2 perpendicular to Cn?</source>
      </trans-unit>
      <trans-unit id="041" resname="IDS_CN_AXIS_COMBO">
        <source>Select the Cn axis : </source>
      </trans-unit>
      <trans-unit id="042" resname="IDS_CN_AXIS_COMBO1">
        <source>Select the nC2 axis : </source>
      </trans-unit>
      <trans-unit id="043" resname="IDS_CNAXIS">
        <source>Is there any Cn axis present?</source>
      </trans-unit>
      <trans-unit id="044" resname="IDS_CO2">
        <source>CO2</source>
      </trans-unit>
      <trans-unit id="045" resname="IDS_COMPOUND_STRUCTURE">
        <source>Select the group:</source>
      </trans-unit>
      <trans-unit id="046" resname="IDS_CORONE">
        <source>Coronene</source>
      </trans-unit>
      <trans-unit id="047" resname="IDS_CORRECT">
        <source>Point group is correct.</source>
      </trans-unit>
      <trans-unit id="048" resname="IDS_CS">
        <source>Cs</source>
      </trans-unit>
      <trans-unit id="049" resname="IDS_CUBANE">
        <source>Cubane</source>
      </trans-unit>
      <trans-unit id="050" resname="IDS_CYCLO">
        <source>Cyclooctatetraene dianion</source>
      </trans-unit>
      <trans-unit id="051" resname="IDS_CYCLOHEXANE">
        <source>Cyclohexane</source>
      </trans-unit>
      <trans-unit id="052" resname="IDS_D_ALPHA_H">
        <source>D∞h</source>
      </trans-unit>
      <trans-unit id="053" resname="IDS_D2">
        <source>Identify the point group</source>
      </trans-unit>
      <trans-unit id="054" resname="IDS_D2D">
        <source>D2d</source>
      </trans-unit>
      <trans-unit id="055" resname="IDS_D2H">
        <source>D2h</source>
      </trans-unit>
      <trans-unit id="056" resname="IDS_D3D">
        <source>D3d</source>
      </trans-unit>
      <trans-unit id="057" resname="IDS_D3H">
        <source>D3h</source>
      </trans-unit>
      <trans-unit id="058" resname="IDS_D4D">
        <source>D4d</source>
      </trans-unit>
      <trans-unit id="059" resname="IDS_D4H">
        <source>D4h</source>
      </trans-unit>
      <trans-unit id="060" resname="IDS_D5D">
        <source>D5d</source>
      </trans-unit>
      <trans-unit id="061" resname="IDS_D5H">
        <source>D5h</source>
      </trans-unit>
      <trans-unit id="062" resname="IDS_D6H">
        <source>D6h</source>
      </trans-unit>
      <trans-unit id="063" resname="IDS_D7H">
        <source>D7h</source>
      </trans-unit>
      <trans-unit id="064" resname="IDS_D8H">
        <source>D8h</source>
      </trans-unit>
      <trans-unit id="065" resname="IDS_D21">
        <source>D2</source>
      </trans-unit>
      <trans-unit id="066" resname="IDS_DI_BENZE">
        <source>1,4-Difluoro-2,5-dichloro benzene</source>
      </trans-unit>
      <trans-unit id="067" resname="IDS_DI_ETHYLENE">
        <source>trans-1,2-Dichloro Ethylene</source>
      </trans-unit>
      <trans-unit id="068" resname="IDS_DIBROMO">
        <source>1,5-Dibromo Naphthalene</source>
      </trans-unit>
      <trans-unit id="069" resname="IDS_DIFLURO">
        <source>S-trans-1,2 dichloro 1,2-difluoro ethane</source>
      </trans-unit>
      <trans-unit id="070" resname="IDS_DIH_PLANE_NO">
        <source>No Plane</source>
      </trans-unit>
      <trans-unit id="071" resname="IDS_DIH_PLANE_NO_NO">
        <source>No Plane</source>
      </trans-unit>
      <trans-unit id="072" resname="IDS_DIH_PLANE_NO_YES_NO">
        <source>Dihedral Plane  : nσv</source>
      </trans-unit>
      <trans-unit id="073" resname="IDS_DIH_PLANE_NO_YES_YES_YES">
        <source>Dihedral Plane  : nσh</source>
      </trans-unit>
      <trans-unit id="074" resname="IDS_DIH_PLANE_YES_NO">
        <source>Dihedral Plane : σd</source>
      </trans-unit>
      <trans-unit id="075" resname="IDS_DIH_PLANE_YES_YES">
        <source>Dihedral Plane : σh</source>
      </trans-unit>
      <trans-unit id="076" resname="IDS_DIHEDRAL">
        <source>Dihedral</source>
      </trans-unit>
      <trans-unit id="077" resname="IDS_DIHEDRAL_PLANE">
        <source>Is there any dihedral plane?</source>
      </trans-unit>
      <trans-unit id="078" resname="IDS_ETH_SKEW">
        <source>Ethylene (skew)</source>
      </trans-unit>
      <trans-unit id="079" resname="IDS_ETHANE">
        <source>Ethane</source>
      </trans-unit>
      <trans-unit id="080" resname="IDS_ETHYLENE">
        <source>Bromo Ethylene</source>
      </trans-unit>
      <trans-unit id="081" resname="IDS_FERROCIN">
        <source>Ferrocene (staggered)</source>
      </trans-unit>
      <trans-unit id="082" resname="IDS_FERROCIN_STA">
        <source>Ferrocene (staggered)</source>
      </trans-unit>
      <trans-unit id="083" resname="IDS_FERROCINE">
        <source>Ferrocene (eclipsed)</source>
      </trans-unit>
      <trans-unit id="084" resname="IDS_FERROCINE_STA">
        <source>Ferrocene (staggered)</source>
      </trans-unit>
      <trans-unit id="085" resname="IDS_FULLERE">
        <source>Fullerene</source>
      </trans-unit>
      <trans-unit id="086" resname="IDS_GLYOXOL">
        <source>Glyoxal</source>
      </trans-unit>
      <trans-unit id="087" resname="IDS_H2">
        <source>H2</source>
      </trans-unit>
      <trans-unit id="088" resname="IDS_H2O">
        <source>H20</source>
      </trans-unit>
      <trans-unit id="089" resname="IDS_H202">
        <source>H2O2</source>
      </trans-unit>
      <trans-unit id="090" resname="IDS_HCL">
        <source>HCl</source>
      </trans-unit>
      <trans-unit id="091" resname="IDS_HEXAHELICENE">
        <source>Hexahelicene</source>
      </trans-unit>
      <trans-unit id="092" resname="IDS_HOCL">
        <source>Hocl</source>
      </trans-unit>
      <trans-unit id="093" resname="IDS_ICOSA">
        <source>Icosahedral</source>
      </trans-unit>
      <trans-unit id="094" resname="IDS_ICOSAHED">
        <source>Does  the molecule belong to Icosahedral?</source>
      </trans-unit>
      <trans-unit id="095" resname="IDS_IDENTIFY">
        <source>Does it belongs to σh?</source>
      </trans-unit>
      <trans-unit id="096" resname="IDS_IF">
        <source>IF5</source>
      </trans-unit>
      <trans-unit id="097" resname="IDS_IF7">
        <source>IF7</source>
      </trans-unit>
      <trans-unit id="098" resname="IDS_IH">
        <source>Fullerene</source>
      </trans-unit>
      <trans-unit id="099" resname="IDS_IH2">
        <source>Ih</source>
      </trans-unit>
      <trans-unit id="100" resname="IDS_INVERSION">
        <source>There is an inversion centre?</source>
      </trans-unit>
      <trans-unit id="101" resname="IDS_INVERSION_NO">
        <source>Is there any Cn axis of symmetry?</source>
      </trans-unit>
      <trans-unit id="102" resname="IDS_INVERT_NO">
        <source>Point group is=C∞v</source>
      </trans-unit>
      <trans-unit id="103" resname="IDS_ISOHEDRAL">
        <source>Isohedral</source>
      </trans-unit>
      <trans-unit id="104" resname="IDS_LACTIC">
        <source>Lactic acid</source>
      </trans-unit>
      <trans-unit id="105" resname="IDS_M_BENZENE">
        <source>m-Dichlorobenzene</source>
      </trans-unit>
      <trans-unit id="106" resname="IDS_MEASUREMENTS">
        <source>Alerts</source>
      </trans-unit>
      <trans-unit id="107" resname="IDS_MN2">
        <source>Mn2(CO)10</source>
      </trans-unit>
      <trans-unit id="108" resname="IDS_MOLECULE">
        <source>Molecule is lenear or not?</source>
      </trans-unit>
      <trans-unit id="109" resname="IDS_MOLECULE_NAME">
        <source>Name of the molecule :</source>
      </trans-unit>
      <trans-unit id="110" resname="IDS_MSG">
        <source>Molecule is linear or not?</source>
      </trans-unit>
      <trans-unit id="111" resname="IDS_N2F">
        <source>N2F2</source>
      </trans-unit>
      <trans-unit id="112" resname="IDS_NEPHTAL">
        <source>Naphthalene</source>
      </trans-unit>
      <trans-unit id="113" resname="IDS_NH3">
        <source>NH3</source>
      </trans-unit>
      <trans-unit id="114" resname="IDS_NO">
        <source>No</source>
      </trans-unit>
      <trans-unit id="115" resname="IDS_OCTA">
        <source>Does  the molecule belong to Octahedral?</source>
      </trans-unit>
      <trans-unit id="116" resname="IDS_OCTAHEDRAL">
        <source>Octahedral</source>
      </trans-unit>
      <trans-unit id="117" resname="IDS_OCTRA">
        <source>Octahedral,  Identify the point group</source>
      </trans-unit>
      <trans-unit id="118" resname="IDS_OH">
        <source>Oh</source>
      </trans-unit>
      <trans-unit id="119" resname="IDS_PCL">
        <source>PCl5</source>
      </trans-unit>
      <trans-unit id="120" resname="IDS_PHENALE">
        <source>Phenalene</source>
      </trans-unit>
      <trans-unit id="121" resname="IDS_PHENANTRENE">
        <source>Phenanthrene</source>
      </trans-unit>
      <trans-unit id="122" resname="IDS_PHYRIDIENE">
        <source>Pyridine</source>
      </trans-unit>
      <trans-unit id="123" resname="IDS_POCL">
        <source>POCl3</source>
      </trans-unit>
      <trans-unit id="124" resname="IDS_POINT">
        <source>Identify the point group?</source>
      </trans-unit>
      <trans-unit id="125" resname="IDS_POINT2">
        <source>Identify the point group</source>
      </trans-unit>
      <trans-unit id="126" resname="IDS_POINT7">
        <source>Identify the point group?</source>
      </trans-unit>
      <trans-unit id="127" resname="IDS_POINTGROUP">
        <source>Identify the point group</source>
      </trans-unit>
      <trans-unit id="128" resname="IDS_POINTGROUP_NO">
        <source>Identify the point group</source>
      </trans-unit>
      <trans-unit id="129" resname="IDS_POINTGROUP1">
        <source>Identify the point group</source>
      </trans-unit>
      <trans-unit id="130" resname="IDS_POINTGROUP2">
        <source>Identify the point group</source>
      </trans-unit>
      <trans-unit id="131" resname="IDS_POINTGROUP3">
        <source>Identify the point group</source>
      </trans-unit>
      <trans-unit id="132" resname="IDS_POINTGROUP4">
        <source>Identify the point group</source>
      </trans-unit>
      <trans-unit id="133" resname="IDS_PTCL">
        <source>PtCl42-</source>
      </trans-unit>
      <trans-unit id="134" resname="IDS_QUINOLINE">
        <source>quinoline</source>
      </trans-unit>
      <trans-unit id="135" resname="IDS_REFLECTION">
        <source>Is there any reflection plane?</source>
      </trans-unit>
      <trans-unit id="136" resname="IDS_RESET">
        <source>Reset</source>
      </trans-unit>
      <trans-unit id="137" resname="IDS_RESULT_CN_AXIS_COMBO">
        <source>Selected Cn Axis : </source>
      </trans-unit>
      <trans-unit id="138" resname="IDS_RESULT_CN_AXIS_COMBO_NC2">
        <source>Selected nC2 Axis  :  </source>
      </trans-unit>
      <trans-unit id="139" resname="IDS_S_BUTADIENE">
        <source>S-trans-1,3-Butadiene</source>
      </trans-unit>
      <trans-unit id="140" resname="IDS_S4">
        <source>S4</source>
      </trans-unit>
      <trans-unit id="141" resname="IDS_SF4">
        <source>SF4</source>
      </trans-unit>
      <trans-unit id="142" resname="IDS_SF6">
        <source>SF6</source>
      </trans-unit>
      <trans-unit id="143" resname="IDS_SI">
        <source>SiO4(CH3)4</source>
      </trans-unit>
      <trans-unit id="144" resname="IDS_SIGMA">
        <source> nσd,   Identify the point group </source>
      </trans-unit>
      <trans-unit id="145" resname="IDS_SIGMA_V">
        <source>Does it belongs to nσv?</source>
      </trans-unit>
      <trans-unit id="146" resname="IDS_SIGMA1">
        <source>Does it belongs to nσh ?</source>
      </trans-unit>
      <trans-unit id="147" resname="IDS_SIGMA2">
        <source>nσv,   Identify the point group</source>
      </trans-unit>
      <trans-unit id="148" resname="IDS_SIGMA3">
        <source>Does it belongs to σd?</source>
      </trans-unit>
      <trans-unit id="149" resname="IDS_SNAXIS">
        <source>Is there any Sn axis of symmetry?</source>
      </trans-unit>
      <trans-unit id="150" resname="IDS_SO">
        <source>SO</source>
      </trans-unit>
      <trans-unit id="151" resname="IDS_SO2">
        <source>SO2</source>
      </trans-unit>
      <trans-unit id="152" resname="IDS_STRUCT">
        <source>Does the molecule belong to tetrahedral?</source>
      </trans-unit>
      <trans-unit id="153" resname="IDS_SUBMIT">
        <source>Submit</source>
      </trans-unit>
      <trans-unit id="154" resname="IDS_SYM_ELEMENTS">
        <source>Symmetry Elements  : </source>
      </trans-unit>
      <trans-unit id="155" resname="IDS_SYSTEMATIC">
        <source>Error in systematic method.</source>
      </trans-unit>
      <trans-unit id="156" resname="IDS_TARTARIC">
        <source>Meso tartaric acid</source>
      </trans-unit>
      <trans-unit id="157" resname="IDS_TD">
        <source>Td</source>
      </trans-unit>
      <trans-unit id="158" resname="IDS_TETRA">
        <source>Tetrahedral, Identify the point group</source>
      </trans-unit>
      <trans-unit id="159" resname="IDS_TETRAHEDRAL">
        <source>Tetrahedral</source>
      </trans-unit>
      <trans-unit id="160" resname="IDS_TITLE">
        <source>Group Theory</source>
      </trans-unit>
      <trans-unit id="161" resname="IDS_TRANS_COCL">
        <source>trans-[CoCl2(NH3)4]+</source>
      </trans-unit>
      <trans-unit id="162" resname="IDS_TRIBROMO">
        <source>1,3,5-Tribromobenzene</source>
      </trans-unit>
      <trans-unit id="163" resname="IDS_TROPILIUM">
        <source>Tropylium cation</source>
      </trans-unit>
      <trans-unit id="164" resname="IDS_TRYPHENYL">
        <source>Triphenylphosphine</source>
      </trans-unit>
      <trans-unit id="165" resname="IDS_URANOCENE">
        <source>Uranocene </source>
      </trans-unit>
      <trans-unit id="166" resname="IDS_VARIABLES">
        <source>Variables</source>
      </trans-unit>
      <trans-unit id="167" resname="IDS_WRONG">
        <source>Try again !</source>
      </trans-unit>
      <trans-unit id="168" resname="IDS_XEF4">
        <source>XeF4</source>
      </trans-unit>
      <trans-unit id="169" resname="IDS_XEOF">
        <source>XeOF4</source>
      </trans-unit>
      <trans-unit id="170" resname="IDS_YES">
        <source>Yes</source>
      </trans-unit>
    </body>
  </file>

</xliff>