<?xml version="1.0" encoding="UTF-8"?>

<xliff version="1.0" xml:lang="hi-IN">

  <file datatype="plaintext" original="Group_theory.fla" source-language="EN">
    <header></header>
    <body>
      <trans-unit id="001" resname="IDS_ACETLENE">
        <source></source>
      </trans-unit>
      <trans-unit id="002" resname="IDS_ALLENE">
        <source></source>
      </trans-unit>
      <trans-unit id="003" resname="IDS_ALPHA">
        <source></source>
      </trans-unit>
      <trans-unit id="004" resname="IDS_ALPHA2">
        <source></source>
      </trans-unit>
      <trans-unit id="005" resname="IDS_ANTRACENE">
        <source></source>
      </trans-unit>
      <trans-unit id="006" resname="IDS_B_DICLORO">
        <source></source>
      </trans-unit>
      <trans-unit id="007" resname="IDS_B2H">
        <source></source>
      </trans-unit>
      <trans-unit id="008" resname="IDS_BEF2">
        <source></source>
      </trans-unit>
      <trans-unit id="009" resname="IDS_BENZ_CHROM">
        <source></source>
      </trans-unit>
      <trans-unit id="010" resname="IDS_BENZEN">
        <source></source>
      </trans-unit>
      <trans-unit id="011" resname="IDS_BENZENE">
        <source></source>
      </trans-unit>
      <trans-unit id="012" resname="IDS_BF3">
        <source></source>
      </trans-unit>
      <trans-unit id="013" resname="IDS_BH">
        <source></source>
      </trans-unit>
      <trans-unit id="014" resname="IDS_BIPHENYL">
        <source></source>
      </trans-unit>
      <trans-unit id="015" resname="IDS_BORAZOLE">
        <source></source>
      </trans-unit>
      <trans-unit id="016" resname="IDS_BORIC">
        <source></source>
      </trans-unit>
      <trans-unit id="017" resname="IDS_BROMO_CLORO">
        <source></source>
      </trans-unit>
      <trans-unit id="018" resname="IDS_BUTADIENE">
        <source></source>
      </trans-unit>
      <trans-unit id="019" resname="IDS_C_ALPHA_V">
        <source></source>
      </trans-unit>
      <trans-unit id="020" resname="IDS_C1">
        <source></source>
      </trans-unit>
      <trans-unit id="021" resname="IDS_C2">
        <source></source>
      </trans-unit>
      <trans-unit id="022" resname="IDS_C2H">
        <source></source>
      </trans-unit>
      <trans-unit id="023" resname="IDS_C2H4">
        <source></source>
      </trans-unit>
      <trans-unit id="024" resname="IDS_C2O">
        <source></source>
      </trans-unit>
      <trans-unit id="025" resname="IDS_C2V">
        <source></source>
      </trans-unit>
      <trans-unit id="026" resname="IDS_C03">
        <source></source>
      </trans-unit>
      <trans-unit id="027" resname="IDS_C3">
        <source></source>
      </trans-unit>
      <trans-unit id="028" resname="IDS_C3H">
        <source></source>
      </trans-unit>
      <trans-unit id="029" resname="IDS_C3V">
        <source></source>
      </trans-unit>
      <trans-unit id="030" resname="IDS_C4V">
        <source></source>
      </trans-unit>
      <trans-unit id="031" resname="IDS_C5H5">
        <source></source>
      </trans-unit>
      <trans-unit id="032" resname="IDS_CCL4">
        <source></source>
      </trans-unit>
      <trans-unit id="033" resname="IDS_CENTRE">
        <source></source>
      </trans-unit>
      <trans-unit id="034" resname="IDS_CH4">
        <source></source>
      </trans-unit>
      <trans-unit id="035" resname="IDS_CHLORO_METHY">
        <source></source>
      </trans-unit>
      <trans-unit id="036" resname="IDS_CI">
        <source></source>
      </trans-unit>
      <trans-unit id="037" resname="IDS_CI2">
        <source></source>
      </trans-unit>
      <trans-unit id="038" resname="IDS_CIS_ETHYNE">
        <source></source>
      </trans-unit>
      <trans-unit id="039" resname="IDS_CLF3">
        <source></source>
      </trans-unit>
      <trans-unit id="040" resname="IDS_CN_AXIS">
        <source></source>
      </trans-unit>
      <trans-unit id="041" resname="IDS_CN_AXIS_COMBO">
        <source></source>
      </trans-unit>
      <trans-unit id="042" resname="IDS_CN_AXIS_COMBO1">
        <source></source>
      </trans-unit>
      <trans-unit id="043" resname="IDS_CNAXIS">
        <source></source>
      </trans-unit>
      <trans-unit id="044" resname="IDS_CO2">
        <source></source>
      </trans-unit>
      <trans-unit id="045" resname="IDS_COMPOUND_STRUCTURE">
        <source></source>
      </trans-unit>
      <trans-unit id="046" resname="IDS_CORONE">
        <source></source>
      </trans-unit>
      <trans-unit id="047" resname="IDS_CORRECT">
        <source></source>
      </trans-unit>
      <trans-unit id="048" resname="IDS_CS">
        <source></source>
      </trans-unit>
      <trans-unit id="049" resname="IDS_CUBANE">
        <source></source>
      </trans-unit>
      <trans-unit id="050" resname="IDS_CYCLO">
        <source></source>
      </trans-unit>
      <trans-unit id="051" resname="IDS_CYCLOHEXANE">
        <source></source>
      </trans-unit>
      <trans-unit id="052" resname="IDS_D_ALPHA_H">
        <source></source>
      </trans-unit>
      <trans-unit id="053" resname="IDS_D2">
        <source></source>
      </trans-unit>
      <trans-unit id="054" resname="IDS_D2D">
        <source></source>
      </trans-unit>
      <trans-unit id="055" resname="IDS_D2H">
        <source></source>
      </trans-unit>
      <trans-unit id="056" resname="IDS_D3D">
        <source></source>
      </trans-unit>
      <trans-unit id="057" resname="IDS_D3H">
        <source></source>
      </trans-unit>
      <trans-unit id="058" resname="IDS_D4D">
        <source></source>
      </trans-unit>
      <trans-unit id="059" resname="IDS_D4H">
        <source></source>
      </trans-unit>
      <trans-unit id="060" resname="IDS_D5D">
        <source></source>
      </trans-unit>
      <trans-unit id="061" resname="IDS_D5H">
        <source></source>
      </trans-unit>
      <trans-unit id="062" resname="IDS_D6H">
        <source></source>
      </trans-unit>
      <trans-unit id="063" resname="IDS_D7H">
        <source></source>
      </trans-unit>
      <trans-unit id="064" resname="IDS_D8H">
        <source></source>
      </trans-unit>
      <trans-unit id="065" resname="IDS_D21">
        <source></source>
      </trans-unit>
      <trans-unit id="066" resname="IDS_DI_BENZE">
        <source></source>
      </trans-unit>
      <trans-unit id="067" resname="IDS_DI_ETHYLENE">
        <source></source>
      </trans-unit>
      <trans-unit id="068" resname="IDS_DIBROMO">
        <source></source>
      </trans-unit>
      <trans-unit id="069" resname="IDS_DIFLURO">
        <source></source>
      </trans-unit>
      <trans-unit id="070" resname="IDS_DIH_PLANE_NO">
        <source></source>
      </trans-unit>
      <trans-unit id="071" resname="IDS_DIH_PLANE_NO_NO">
        <source></source>
      </trans-unit>
      <trans-unit id="072" resname="IDS_DIH_PLANE_NO_YES_NO">
        <source></source>
      </trans-unit>
      <trans-unit id="073" resname="IDS_DIH_PLANE_NO_YES_YES_YES">
        <source></source>
      </trans-unit>
      <trans-unit id="074" resname="IDS_DIH_PLANE_YES_NO">
        <source></source>
      </trans-unit>
      <trans-unit id="075" resname="IDS_DIH_PLANE_YES_YES">
        <source></source>
      </trans-unit>
      <trans-unit id="076" resname="IDS_DIHEDRAL">
        <source></source>
      </trans-unit>
      <trans-unit id="077" resname="IDS_DIHEDRAL_PLANE">
        <source></source>
      </trans-unit>
      <trans-unit id="078" resname="IDS_ETH_SKEW">
        <source></source>
      </trans-unit>
      <trans-unit id="079" resname="IDS_ETHANE">
        <source></source>
      </trans-unit>
      <trans-unit id="080" resname="IDS_ETHYLENE">
        <source></source>
      </trans-unit>
      <trans-unit id="081" resname="IDS_FERROCIN">
        <source></source>
      </trans-unit>
      <trans-unit id="082" resname="IDS_FERROCIN_STA">
        <source></source>
      </trans-unit>
      <trans-unit id="083" resname="IDS_FERROCINE">
        <source></source>
      </trans-unit>
      <trans-unit id="084" resname="IDS_FERROCINE_STA">
        <source></source>
      </trans-unit>
      <trans-unit id="085" resname="IDS_FULLERE">
        <source></source>
      </trans-unit>
      <trans-unit id="086" resname="IDS_GLYOXOL">
        <source></source>
      </trans-unit>
      <trans-unit id="087" resname="IDS_H2">
        <source></source>
      </trans-unit>
      <trans-unit id="088" resname="IDS_H2O">
        <source></source>
      </trans-unit>
      <trans-unit id="089" resname="IDS_H202">
        <source></source>
      </trans-unit>
      <trans-unit id="090" resname="IDS_HCL">
        <source></source>
      </trans-unit>
      <trans-unit id="091" resname="IDS_HEXAHELICENE">
        <source></source>
      </trans-unit>
      <trans-unit id="092" resname="IDS_HOCL">
        <source></source>
      </trans-unit>
      <trans-unit id="093" resname="IDS_ICOSA">
        <source></source>
      </trans-unit>
      <trans-unit id="094" resname="IDS_ICOSAHED">
        <source></source>
      </trans-unit>
      <trans-unit id="095" resname="IDS_IDENTIFY">
        <source></source>
      </trans-unit>
      <trans-unit id="096" resname="IDS_IF">
        <source></source>
      </trans-unit>
      <trans-unit id="097" resname="IDS_IF7">
        <source></source>
      </trans-unit>
      <trans-unit id="098" resname="IDS_IH">
        <source></source>
      </trans-unit>
      <trans-unit id="099" resname="IDS_IH2">
        <source></source>
      </trans-unit>
      <trans-unit id="100" resname="IDS_INVERSION">
        <source></source>
      </trans-unit>
      <trans-unit id="101" resname="IDS_INVERSION_NO">
        <source></source>
      </trans-unit>
      <trans-unit id="102" resname="IDS_INVERT_NO">
        <source></source>
      </trans-unit>
      <trans-unit id="103" resname="IDS_ISOHEDRAL">
        <source></source>
      </trans-unit>
      <trans-unit id="104" resname="IDS_LACTIC">
        <source></source>
      </trans-unit>
      <trans-unit id="105" resname="IDS_M_BENZENE">
        <source></source>
      </trans-unit>
      <trans-unit id="106" resname="IDS_MEASUREMENTS">
        <source></source>
      </trans-unit>
      <trans-unit id="107" resname="IDS_MN2">
        <source></source>
      </trans-unit>
      <trans-unit id="108" resname="IDS_MOLECULE">
        <source></source>
      </trans-unit>
      <trans-unit id="109" resname="IDS_MOLECULE_NAME">
        <source></source>
      </trans-unit>
      <trans-unit id="110" resname="IDS_MSG">
        <source></source>
      </trans-unit>
      <trans-unit id="111" resname="IDS_N2F">
        <source></source>
      </trans-unit>
      <trans-unit id="112" resname="IDS_NEPHTAL">
        <source></source>
      </trans-unit>
      <trans-unit id="113" resname="IDS_NH3">
        <source></source>
      </trans-unit>
      <trans-unit id="114" resname="IDS_NO">
        <source></source>
      </trans-unit>
      <trans-unit id="115" resname="IDS_OCTA">
        <source></source>
      </trans-unit>
      <trans-unit id="116" resname="IDS_OCTAHEDRAL">
        <source></source>
      </trans-unit>
      <trans-unit id="117" resname="IDS_OCTRA">
        <source></source>
      </trans-unit>
      <trans-unit id="118" resname="IDS_OH">
        <source></source>
      </trans-unit>
      <trans-unit id="119" resname="IDS_PCL">
        <source></source>
      </trans-unit>
      <trans-unit id="120" resname="IDS_PHENALE">
        <source></source>
      </trans-unit>
      <trans-unit id="121" resname="IDS_PHENANTRENE">
        <source></source>
      </trans-unit>
      <trans-unit id="122" resname="IDS_PHYRIDIENE">
        <source></source>
      </trans-unit>
      <trans-unit id="123" resname="IDS_POCL">
        <source></source>
      </trans-unit>
      <trans-unit id="124" resname="IDS_POINT">
        <source></source>
      </trans-unit>
      <trans-unit id="125" resname="IDS_POINT2">
        <source></source>
      </trans-unit>
      <trans-unit id="126" resname="IDS_POINT7">
        <source></source>
      </trans-unit>
      <trans-unit id="127" resname="IDS_POINTGROUP">
        <source></source>
      </trans-unit>
      <trans-unit id="128" resname="IDS_POINTGROUP_NO">
        <source></source>
      </trans-unit>
      <trans-unit id="129" resname="IDS_POINTGROUP1">
        <source></source>
      </trans-unit>
      <trans-unit id="130" resname="IDS_POINTGROUP2">
        <source></source>
      </trans-unit>
      <trans-unit id="131" resname="IDS_POINTGROUP3">
        <source></source>
      </trans-unit>
      <trans-unit id="132" resname="IDS_POINTGROUP4">
        <source></source>
      </trans-unit>
      <trans-unit id="133" resname="IDS_PTCL">
        <source></source>
      </trans-unit>
      <trans-unit id="134" resname="IDS_QUINOLINE">
        <source></source>
      </trans-unit>
      <trans-unit id="135" resname="IDS_REFLECTION">
        <source></source>
      </trans-unit>
      <trans-unit id="136" resname="IDS_RESET">
        <source></source>
      </trans-unit>
      <trans-unit id="137" resname="IDS_RESULT_CN_AXIS_COMBO">
        <source></source>
      </trans-unit>
      <trans-unit id="138" resname="IDS_RESULT_CN_AXIS_COMBO_NC2">
        <source></source>
      </trans-unit>
      <trans-unit id="139" resname="IDS_S_BUTADIENE">
        <source></source>
      </trans-unit>
      <trans-unit id="140" resname="IDS_S4">
        <source></source>
      </trans-unit>
      <trans-unit id="141" resname="IDS_SF4">
        <source></source>
      </trans-unit>
      <trans-unit id="142" resname="IDS_SF6">
        <source></source>
      </trans-unit>
      <trans-unit id="143" resname="IDS_SI">
        <source></source>
      </trans-unit>
      <trans-unit id="144" resname="IDS_SIGMA">
        <source></source>
      </trans-unit>
      <trans-unit id="145" resname="IDS_SIGMA_V">
        <source></source>
      </trans-unit>
      <trans-unit id="146" resname="IDS_SIGMA1">
        <source></source>
      </trans-unit>
      <trans-unit id="147" resname="IDS_SIGMA2">
        <source></source>
      </trans-unit>
      <trans-unit id="148" resname="IDS_SIGMA3">
        <source></source>
      </trans-unit>
      <trans-unit id="149" resname="IDS_SNAXIS">
        <source></source>
      </trans-unit>
      <trans-unit id="150" resname="IDS_SO">
        <source></source>
      </trans-unit>
      <trans-unit id="151" resname="IDS_SO2">
        <source></source>
      </trans-unit>
      <trans-unit id="152" resname="IDS_STRUCT">
        <source></source>
      </trans-unit>
      <trans-unit id="153" resname="IDS_SUBMIT">
        <source></source>
      </trans-unit>
      <trans-unit id="154" resname="IDS_SYM_ELEMENTS">
        <source></source>
      </trans-unit>
      <trans-unit id="155" resname="IDS_SYSTEMATIC">
        <source></source>
      </trans-unit>
      <trans-unit id="156" resname="IDS_TARTARIC">
        <source></source>
      </trans-unit>
      <trans-unit id="157" resname="IDS_TD">
        <source></source>
      </trans-unit>
      <trans-unit id="158" resname="IDS_TETRA">
        <source></source>
      </trans-unit>
      <trans-unit id="159" resname="IDS_TETRAHEDRAL">
        <source></source>
      </trans-unit>
      <trans-unit id="160" resname="IDS_TITLE">
        <source></source>
      </trans-unit>
      <trans-unit id="161" resname="IDS_TRANS_COCL">
        <source></source>
      </trans-unit>
      <trans-unit id="162" resname="IDS_TRIBROMO">
        <source></source>
      </trans-unit>
      <trans-unit id="163" resname="IDS_TROPILIUM">
        <source></source>
      </trans-unit>
      <trans-unit id="164" resname="IDS_TRYPHENYL">
        <source></source>
      </trans-unit>
      <trans-unit id="165" resname="IDS_URANOCENE">
        <source></source>
      </trans-unit>
      <trans-unit id="166" resname="IDS_VARIABLES">
        <source></source>
      </trans-unit>
      <trans-unit id="167" resname="IDS_WRONG">
        <source></source>
      </trans-unit>
      <trans-unit id="168" resname="IDS_XEF4">
        <source></source>
      </trans-unit>
      <trans-unit id="169" resname="IDS_XEOF">
        <source></source>
      </trans-unit>
      <trans-unit id="170" resname="IDS_YES">
        <source></source>
      </trans-unit>
    </body>
  </file>

</xliff>